,file,age,gender,race,service_test
0,val/3935.jpg,3-9,Female,East Asian,True
1,val/3124.jpg,3-9,Male,Southeast Asian,False
2,val/2993.jpg,10-19,Male,Black,False
3,val/5231.jpg,20-29,Female,Indian,True
4,val/8067.jpg,3-9,Male,Black,False
5,val/4852.jpg,40-49,Male,East Asian,True
6,val/3777.jpg,30-39,Female,East Asian,False
7,val/5619.jpg,20-29,Male,White,False
8,val/4875.jpg,20-29,Female,Indian,False
9,val/7272.jpg,20-29,Male,Indian,True
10,val/1705.jpg,30-39,Male,Indian,False
11,val/5566.jpg,20-29,Female,Latino_Hispanic,True
12,val/5578.jpg,20-29,Male,East Asian,True
13,val/6163.jpg,20-29,Female,Southeast Asian,False
14,val/31.jpg,3-9,Female,Indian,True
15,val/16.jpg,50-59,Male,Middle Eastern,True
16,val/381.jpg,40-49,Male,Black,False
17,val/9143.jpg,10-19,Male,Middle Eastern,True
18,val/293.jpg,60-69,Female,White,False
19,val/6704.jpg,50-59,Female,Latino_Hispanic,True
20,val/8228.jpg,30-39,Male,East Asian,True
21,val/10642.jpg,10-19,Male,Latino_Hispanic,False
22,val/5261.jpg,20-29,Female,Middle Eastern,True
23,val/10620.jpg,20-29,Female,Middle Eastern,True
24,val/6127.jpg,20-29,Male,White,True
25,val/7402.jpg,20-29,Female,White,False
26,val/3771.jpg,30-39,Male,Southeast Asian,True
27,val/5613.jpg,20-29,Male,Southeast Asian,True
28,val/9334.jpg,20-29,Female,East Asian,False
29,val/1616.jpg,30-39,Male,Indian,False
30,val/10784.jpg,20-29,Female,Black,True
31,val/7078.jpg,20-29,Female,East Asian,False
32,val/2832.jpg,40-49,Male,Southeast Asian,True
33,val/9024.jpg,20-29,Male,Latino_Hispanic,True
34,val/3623.jpg,20-29,Male,East Asian,False
35,val/8970.jpg,3-9,Male,Indian,True
36,val/10899.jpg,20-29,Female,Indian,False
37,val/10230.jpg,30-39,Male,Black,False
38,val/296.jpg,20-29,Female,Southeast Asian,True
39,val/10113.jpg,30-39,Male,Latino_Hispanic,True
40,val/3320.jpg,30-39,Male,Black,True
41,val/8181.jpg,30-39,Male,Latino_Hispanic,False
42,val/343.jpg,10-19,Female,Black,False
43,val/2338.jpg,20-29,Female,Latino_Hispanic,False
44,val/9116.jpg,30-39,Male,Latino_Hispanic,False
45,val/8682.jpg,20-29,Female,Latino_Hispanic,False
46,val/9977.jpg,50-59,Male,Southeast Asian,False
47,val/24.jpg,10-19,Female,East Asian,False
48,val/6983.jpg,10-19,Male,Latino_Hispanic,False
49,val/6005.jpg,3-9,Male,Black,True
50,val/2284.jpg,10-19,Female,White,True
51,val/3726.jpg,30-39,Female,Latino_Hispanic,True
52,val/4392.jpg,30-39,Male,Indian,False
53,val/6759.jpg,30-39,Male,Latino_Hispanic,True
54,val/7361.jpg,10-19,Female,Indian,True
55,val/6381.jpg,20-29,Male,Black,True
56,val/10212.jpg,3-9,Female,Latino_Hispanic,False
57,val/4922.jpg,30-39,Male,Black,False
58,val/2709.jpg,60-69,Male,Middle Eastern,True
59,val/4686.jpg,20-29,Male,Latino_Hispanic,True
60,val/6710.jpg,3-9,Male,Black,False
61,val/3800.jpg,20-29,Female,Latino_Hispanic,False
62,val/10848.jpg,20-29,Female,Indian,False
63,val/9844.jpg,40-49,Female,White,False
64,val/6314.jpg,30-39,Female,Black,False
65,val/161.jpg,30-39,Female,Middle Eastern,True
66,val/1440.jpg,20-29,Male,Latino_Hispanic,True
67,val/743.jpg,10-19,Male,White,True
68,val/7338.jpg,3-9,Female,Black,False
69,val/67.jpg,40-49,Female,White,True
70,val/629.jpg,20-29,Male,White,False
71,val/9144.jpg,40-49,Male,White,False
72,val/5887.jpg,3-9,Male,Black,True
73,val/10195.jpg,10-19,Female,Southeast Asian,True
74,val/228.jpg,40-49,Female,Southeast Asian,True
75,val/10221.jpg,30-39,Male,Southeast Asian,True
76,val/8092.jpg,3-9,Male,East Asian,False
77,val/534.jpg,3-9,Male,East Asian,False
78,val/10824.jpg,50-59,Male,White,False
79,val/733.jpg,40-49,Male,Black,True
80,val/6997.jpg,20-29,Female,East Asian,False
81,val/7581.jpg,20-29,Female,East Asian,True
82,val/8967.jpg,20-29,Female,Black,False
83,val/7549.jpg,40-49,Male,White,False
84,val/8197.jpg,30-39,Male,East Asian,True
85,val/6971.jpg,50-59,Female,Middle Eastern,True
86,val/8199.jpg,3-9,Male,White,False
87,val/3208.jpg,60-69,Male,Latino_Hispanic,True
88,val/7779.jpg,30-39,Female,White,False
89,val/4799.jpg,30-39,Female,White,False
90,val/60.jpg,10-19,Female,Southeast Asian,True
91,val/4729.jpg,20-29,Male,Middle Eastern,True
92,val/2644.jpg,50-59,Male,White,False
93,val/801.jpg,10-19,Female,Latino_Hispanic,False
94,val/9153.jpg,20-29,Female,White,True
95,val/5690.jpg,20-29,Female,Black,True
96,val/5447.jpg,10-19,Female,White,False
97,val/1625.jpg,60-69,Male,White,False
98,val/488.jpg,40-49,Male,Indian,False
99,val/5563.jpg,50-59,Male,White,False
100,val/4001.jpg,10-19,Female,East Asian,True
101,val/9741.jpg,50-59,Male,White,False
102,val/8612.jpg,50-59,Female,Southeast Asian,True
103,val/9359.jpg,40-49,Female,Indian,False
104,val/180.jpg,3-9,Male,Southeast Asian,False
105,val/5044.jpg,10-19,Female,Latino_Hispanic,False
106,val/5512.jpg,3-9,Female,Southeast Asian,True
107,val/7149.jpg,20-29,Female,Black,False
108,val/9422.jpg,3-9,Female,Indian,False
109,val/4820.jpg,3-9,Female,Latino_Hispanic,False
110,val/979.jpg,60-69,Male,Indian,False
111,val/8563.jpg,40-49,Male,Middle Eastern,False
112,val/3280.jpg,0-2,Male,White,True
113,val/268.jpg,3-9,Male,Latino_Hispanic,False
114,val/5553.jpg,30-39,Male,White,True
115,val/9012.jpg,3-9,Male,White,True
116,val/313.jpg,60-69,Male,White,True
117,val/4279.jpg,20-29,Male,Southeast Asian,True
118,val/3984.jpg,30-39,Female,East Asian,True
119,val/3046.jpg,30-39,Male,Middle Eastern,True
120,val/7694.jpg,3-9,Female,Black,True
121,val/3574.jpg,30-39,Female,Black,True
122,val/13.jpg,40-49,Female,Indian,True
123,val/621.jpg,60-69,Male,East Asian,False
124,val/2685.jpg,3-9,Female,Southeast Asian,False
125,val/7953.jpg,40-49,Female,Latino_Hispanic,False
126,val/1507.jpg,20-29,Female,White,False
127,val/2444.jpg,40-49,Male,White,False
128,val/7495.jpg,50-59,Male,Black,False
129,val/1527.jpg,30-39,Male,Southeast Asian,False
130,val/2.jpg,50-59,Female,East Asian,True
131,val/5023.jpg,10-19,Male,Latino_Hispanic,False
132,val/597.jpg,0-2,Female,East Asian,False
133,val/8593.jpg,3-9,Male,White,True
134,val/9254.jpg,20-29,Male,Black,True
135,val/9458.jpg,10-19,Female,Middle Eastern,True
136,val/7265.jpg,20-29,Female,East Asian,True
137,val/8557.jpg,20-29,Male,Indian,True
138,val/5767.jpg,20-29,Male,Indian,False
139,val/2017.jpg,40-49,Male,Latino_Hispanic,False
140,val/7998.jpg,60-69,Male,Southeast Asian,False
141,val/4610.jpg,30-39,Female,Latino_Hispanic,False
142,val/2670.jpg,20-29,Male,Indian,False
143,val/8737.jpg,3-9,Male,Indian,False
144,val/9134.jpg,30-39,Male,Middle Eastern,False
145,val/5823.jpg,40-49,Male,Middle Eastern,True
146,val/40.jpg,50-59,Female,Indian,False
147,val/9195.jpg,30-39,Male,Latino_Hispanic,True
148,val/4218.jpg,30-39,Female,Middle Eastern,True
149,val/7886.jpg,3-9,Male,East Asian,False
150,val/569.jpg,10-19,Male,Indian,True
151,val/3904.jpg,20-29,Male,White,False
152,val/3990.jpg,10-19,Female,Latino_Hispanic,True
153,val/1756.jpg,20-29,Female,East Asian,False
154,val/8951.jpg,30-39,Male,Southeast Asian,True
155,val/7071.jpg,30-39,Male,White,True
156,val/8938.jpg,50-59,Female,Black,False
157,val/10121.jpg,50-59,Female,White,False
158,val/315.jpg,30-39,Female,East Asian,False
159,val/1896.jpg,3-9,Male,East Asian,True
160,val/7390.jpg,20-29,Male,East Asian,False
161,val/10561.jpg,20-29,Female,East Asian,True
162,val/7019.jpg,30-39,Female,White,True
163,val/1280.jpg,20-29,Female,White,False
164,val/211.jpg,50-59,Male,Indian,False
165,val/8523.jpg,30-39,Female,Latino_Hispanic,True
166,val/7475.jpg,10-19,Female,Black,False
167,val/280.jpg,40-49,Female,Latino_Hispanic,False
168,val/7878.jpg,30-39,Female,Black,False
169,val/8877.jpg,20-29,Female,Southeast Asian,True
170,val/6613.jpg,3-9,Female,Latino_Hispanic,False
171,val/8836.jpg,30-39,Male,Middle Eastern,False
172,val/3658.jpg,3-9,Male,Latino_Hispanic,True
173,val/1538.jpg,20-29,Female,White,False
174,val/7874.jpg,3-9,Female,White,False
175,val/2634.jpg,30-39,Male,White,False
176,val/156.jpg,60-69,Female,Black,False
177,val/8231.jpg,20-29,Male,Latino_Hispanic,False
178,val/8897.jpg,20-29,Male,Southeast Asian,True
179,val/6233.jpg,30-39,Female,Latino_Hispanic,False
180,val/4265.jpg,30-39,Female,Southeast Asian,False
181,val/3989.jpg,40-49,Male,Latino_Hispanic,False
182,val/6146.jpg,50-59,Male,Latino_Hispanic,False
183,val/3575.jpg,40-49,Male,Indian,True
184,val/9996.jpg,20-29,Male,Middle Eastern,False
185,val/5212.jpg,40-49,Female,Black,False
186,val/3740.jpg,40-49,Female,Latino_Hispanic,True
187,val/8872.jpg,30-39,Female,Black,False
188,val/6071.jpg,20-29,Male,Middle Eastern,True
189,val/8861.jpg,20-29,Female,White,False
190,val/4634.jpg,20-29,Female,Latino_Hispanic,False
191,val/225.jpg,0-2,Male,Southeast Asian,False
192,val/9852.jpg,30-39,Male,Indian,True
193,val/443.jpg,30-39,Female,Southeast Asian,False
194,val/7936.jpg,30-39,Male,White,True
195,val/10793.jpg,30-39,Female,White,True
196,val/4642.jpg,50-59,Male,East Asian,False
197,val/1034.jpg,50-59,Male,Latino_Hispanic,False
198,val/3460.jpg,50-59,Male,Indian,False
199,val/10307.jpg,20-29,Male,East Asian,False
200,val/7625.jpg,20-29,Female,Indian,False
201,val/8812.jpg,40-49,Male,White,False
202,val/7267.jpg,40-49,Male,Southeast Asian,True
203,val/29.jpg,3-9,Female,East Asian,False
204,val/10735.jpg,20-29,Female,East Asian,False
205,val/657.jpg,30-39,Male,Middle Eastern,False
206,val/778.jpg,10-19,Female,Black,False
207,val/3923.jpg,3-9,Female,Southeast Asian,False
208,val/7232.jpg,20-29,Female,Latino_Hispanic,True
209,val/8429.jpg,10-19,Male,Southeast Asian,False
210,val/904.jpg,50-59,Female,Indian,False
211,val/6308.jpg,20-29,Male,Southeast Asian,True
212,val/1077.jpg,20-29,Female,Indian,True
213,val/7578.jpg,10-19,Male,East Asian,True
214,val/7389.jpg,3-9,Male,Southeast Asian,False
215,val/8765.jpg,50-59,Female,White,True
216,val/9809.jpg,0-2,Male,East Asian,False
217,val/8824.jpg,20-29,Male,Black,True
218,val/10037.jpg,20-29,Female,East Asian,False
219,val/686.jpg,20-29,Female,White,True
220,val/2611.jpg,40-49,Male,White,False
221,val/955.jpg,20-29,Male,Black,True
222,val/1022.jpg,20-29,Male,East Asian,False
223,val/6439.jpg,10-19,Male,Black,False
224,val/2595.jpg,20-29,Male,Latino_Hispanic,True
225,val/2296.jpg,40-49,Male,Middle Eastern,True
226,val/7959.jpg,20-29,Male,White,False
227,val/1845.jpg,30-39,Male,East Asian,False
228,val/511.jpg,30-39,Male,Middle Eastern,True
229,val/9506.jpg,40-49,Female,Middle Eastern,True
230,val/8341.jpg,20-29,Female,White,False
231,val/10558.jpg,30-39,Male,White,False
232,val/7565.jpg,20-29,Male,Southeast Asian,True
233,val/551.jpg,40-49,Female,Black,True
234,val/5799.jpg,40-49,Female,East Asian,True
235,val/775.jpg,30-39,Female,White,True
236,val/4453.jpg,20-29,Female,Southeast Asian,False
237,val/6637.jpg,30-39,Male,Black,True
238,val/6021.jpg,40-49,Male,Middle Eastern,False
239,val/84.jpg,40-49,Male,East Asian,False
240,val/6276.jpg,40-49,Male,Indian,True
241,val/4539.jpg,30-39,Female,Southeast Asian,False
242,val/3503.jpg,20-29,Female,East Asian,False
243,val/3668.jpg,20-29,Female,White,False
244,val/468.jpg,20-29,Male,East Asian,True
245,val/5869.jpg,30-39,Female,Latino_Hispanic,False
246,val/4609.jpg,30-39,Female,Indian,True
247,val/3330.jpg,50-59,Male,Middle Eastern,False
248,val/7228.jpg,20-29,Female,Middle Eastern,True
249,val/1630.jpg,40-49,Male,Latino_Hispanic,True
250,val/9584.jpg,20-29,Male,White,False
251,val/3610.jpg,3-9,Male,Middle Eastern,False
252,val/8016.jpg,10-19,Male,Southeast Asian,False
253,val/8392.jpg,40-49,Male,Latino_Hispanic,False
254,val/601.jpg,60-69,Female,Indian,False
255,val/1498.jpg,20-29,Male,White,False
256,val/4897.jpg,20-29,Female,Southeast Asian,False
257,val/1071.jpg,30-39,Male,East Asian,False
258,val/10139.jpg,30-39,Male,Middle Eastern,True
259,val/6617.jpg,20-29,Female,White,True
260,val/2553.jpg,30-39,Male,Black,False
261,val/6486.jpg,3-9,Male,Middle Eastern,True
262,val/8592.jpg,30-39,Male,White,False
263,val/8657.jpg,30-39,Female,White,False
264,val/5550.jpg,3-9,Female,White,True
265,val/812.jpg,50-59,Female,Latino_Hispanic,False
266,val/690.jpg,20-29,Male,Southeast Asian,True
267,val/2692.jpg,10-19,Male,Southeast Asian,False
268,val/7894.jpg,40-49,Male,Black,False
269,val/6793.jpg,30-39,Male,White,False
270,val/3363.jpg,3-9,Female,Black,False
271,val/8146.jpg,20-29,Female,Southeast Asian,False
272,val/8880.jpg,20-29,Male,Indian,True
273,val/9674.jpg,30-39,Female,Indian,True
274,val/1623.jpg,10-19,Female,Indian,True
275,val/6653.jpg,30-39,Female,Indian,False
276,val/9176.jpg,30-39,Female,Black,False
277,val/213.jpg,20-29,Female,Latino_Hispanic,True
278,val/2912.jpg,20-29,Female,Southeast Asian,False
279,val/10832.jpg,30-39,Male,Indian,True
280,val/5948.jpg,20-29,Female,Middle Eastern,True
281,val/7755.jpg,20-29,Female,Black,True
282,val/1365.jpg,20-29,Female,East Asian,False
283,val/2172.jpg,20-29,Male,Black,True
284,val/3889.jpg,3-9,Female,Middle Eastern,True
285,val/4495.jpg,10-19,Male,White,True
286,val/152.jpg,0-2,Male,Black,True
287,val/1900.jpg,40-49,Female,Southeast Asian,True
288,val/5047.jpg,10-19,Male,Black,True
289,val/9295.jpg,20-29,Male,Middle Eastern,True
290,val/9360.jpg,3-9,Female,White,False
291,val/4592.jpg,20-29,Male,East Asian,False
292,val/8552.jpg,3-9,Male,Indian,True
293,val/825.jpg,10-19,Female,Indian,False
294,val/914.jpg,20-29,Female,Black,True
295,val/10822.jpg,30-39,Female,Indian,True
296,val/9850.jpg,10-19,Male,East Asian,True
297,val/10129.jpg,20-29,Male,White,False
298,val/5117.jpg,10-19,Male,Indian,False
299,val/10220.jpg,20-29,Male,Middle Eastern,False
